SMILES,predicted_value,value
,-4.818752766,-4.8861
,-4.867363453,-4.0969
,-4.866418839,-4.2628
,-4.812088966,-4.2993
,-4.892500877,-4.3615
,-4.874554634,-4.1481
CCC(C)(C)C(=O)O[C@H]1C[C@@H](C)C=C2C=C[C@H](C)[C@H](CC[C@@H]3C[C@@H](O)CC(=O)O3)[C@H]21,-4.866586685,-4.2403
CCCCC(=O)N(Cc1ccc(-c2ccccc2-c2nn[nH]n2)cc1)[C@H](C(=O)O)C(C)C,-4.86607933,-4.2967
Cc1ccc(-c2cc(C(F)(F)F)nn2-c2ccc(S(N)(=O)=O)cc2)cc1,-4.837780952,-4.3251
,-4.892916203,-4.4067
Cc1cc(NS(=O)(=O)c2ccc(N)cc2)no1,-4.816267967,-4.5031
CCCCC1=NC2(CCCC2)C(=O)N1Cc1ccc(-c2ccccc2-c2nn[nH]n2)cc1,-4.685200691,-4.1007
,-4.810838699,-4.1325
CCC1(c2ccccc2)C(=O)NC(=O)NC1=O,-4.810838699,-4.0595
,-4.810838699,-4.4023
,-5.009907246,-4.0726
,-4.810838699,-4.5436
Cc1cc(CC(=O)O)n(C)c1C(=O)c1ccc(Cl)cc1,-4.810838699,-4.5513
CCC1=C[C@@H]2CN(C1)Cc1c([nH]c3ccccc13)[C@@](C(=O)OC)(c1cc3c(cc1OC)N(C)[C@H]1[C@@](O)(C(=O)OC)[C@H](OC(C)=O)[C@]4(CC)C=CCN5CC[C@]31[C@@H]54)C2,-5.135084629,-4.3215
CCCCCNC(=N)N/N=C/c1c[nH]c2ccc(OC)cc12,-4.9682374,-4.2874
,-5.135084629,-4.3556
,-4.925449848,-4.2175
NS(=O)(=O)c1cc(C(=O)O)c(NCc2ccco2)cc1Cl,-5.391435146,-6.5702
CC1(C)S[C@@H]2[C@H](NC(=O)[C@H](N)c3ccccc3)C(=O)N2[C@H]1C(=O)O,-5.363746166,-6.3809
,-5.363746166,-6.1209
,-5.363746166,-5.8401
Cc1c(O)c(=O)ccn1C,-5.638346195,-3.6003
,-5.638346195,-3.2725
,-5.671942711,-3.7852
O=C(O)c1ccccc1O,-5.680625916,-3.567
,-5.773431778,-2.7111
Cc1cc(/C=C/C#N)cc(C)c1Nc1ccnc(Nc2ccc(C#N)cc2)n1,-5.493249893,-2.384
,-5.480484962,-2.4973
O=C(O)CCCCCCCC(=O)O,-5.535910606,-2.346
CC1=C(C(=O)O)N2C(=O)[C@@H](NC(=O)[C@H](N)C3=CCC=CC3)[C@H]2SC1,-5.691149235,-6.4949
,-5.368519783,-6.7959
CC1=C(C(=O)O)N2C(=O)[C@@H](NC(=O)[C@H](N)c3ccccc3)[C@H]2SC1,-5.310925484,-6.6198
CC(C)C[C@H]1C(=O)N2CCC[C@H]2[C@]2(O)O[C@](NC(=O)[C@@H]3C=C4c5cccc6[nH]c(Br)c(c56)C[C@H]4N(C)C3)(C(C)C)C(=O)N12,-5.36461401,-6.6021
,-5.22138834,-5.9431
NNc1nncc2ccccc12,-5.187224388,-7.1549
CC1(C)S[C@@H]2[C@H](NC(=O)[C@H](N)c3ccc(O)cc3)C(=O)N2[C@H]1C(=O)O,-5.195291519,-6.9208
Nc1ccn([C@@H]2O[C@H](CO)[C@@H](O)C2(F)F)c(=O)n1,-5.203910828,-6.8539
O=C(O)c1cc(-c2ccc(F)cc2F)ccc1O,-5.598092079,-6.1135
O=C(Nc1c(Cl)cncc1Cl)c1ccc(OC(F)F)c(OCC2CC2)c1,-5.584195614,-7.1549
O=C(O)Cc1ccccc1Nc1c(Cl)cccc1Cl,-5.588339329,-6.9586
CC(C)NC[C@@H](O)COc1ccc(CCOCC2CC2)cc1,-5.579433918,-6.8539
,-5.774710655,-2.71
,-5.382621288,-2.212
O=C(O)c1cc(/N=N/c2ccc(S(=O)(=O)Nc3ccccn3)cc2)ccc1O,-5.38654232,-2.263
Cc1ccccc1N1C(=O)c2cc(S(N)(=O)=O)c(Cl)cc2N[C@H]1C,-5.390274048,-2.4173
Nc1ccn([C@@H]2CS[C@H](CO)O2)c(=O)n1,-5.519766331,-1.7613
Nc1nnc(-c2cccc(Cl)c2Cl)c(N)n1,-5.525231361,-2.0016
,-5.528504372,-2.0361
,-5.591081619,-6.1367
Nc1ncnc2c1ncn2[C@@H]1O[C@H](CO)[C@@H](O)[C@@H]1O,-5.591081619,-6.1427
CCN1CCC[C@H]1CNC(=O)c1c(O)c(Cl)cc(Cl)c1OC,-5.591081619,-5.8827
Nc1cc(-c2ccncc2)c[nH]c1=O,-5.591081619,-5.9136
O=C(O)c1cn(C2CC2)c2cc(N3CCNCC3)c(F)cc2c1=O,-5.558847904,-5.8239
Nc1ccc(S(N)(=O)=O)cc1,-5.591081619,-6.0177
,-5.591081619,-6.1938
O=C(CCCN1CCC(O)(c2ccc(Cl)cc2)CC1)c1ccc(F)cc1,-5.262672901,-5.8794
Nc1ccc(S(=O)(=O)Nc2ncccn2)cc1,-5.040236473,-5.8297
,-5.108241558,-5.71
,-5.079391479,-5.6517
,-5.141283512,-5.382
,-5.15367794,-5.5302
,-5.362033367,-5.2636
O=C(O)CCCc1ccccc1,-5.256261349,-5.1445
O=C(O)COC(=O)Cc1ccccc1Nc1c(Cl)cccc1Cl,-5.256643772,-4.8179
CCN(CC)C(=O)N1CCN(C)CC1,-5.213970184,-4.6572
O=c1[nH]c2cc(Cl)ccc2o1,-5.16353178,-5.2168
,-5.057108402,-5.1739
CCCc1nn(C)c2c(=O)[nH]c(-c3cc(S(=O)(=O)N4CCN(C)CC4)ccc3OCC)nc12,-5.027932167,-5.0545
Nc1nc2c(ncn2COC(CO)CO)c(=O)[nH]1,-5.002075195,-4.7897
,-5.275772572,-5.4401
,-5.103888988,-5.3125
O=C(O)c1ccccc1,-5.0628829,-4.914
,-5.034727097,-4.7331
CC(C)NC[C@@H](O)COc1cccc2ccccc12,-4.735989571,-4.5357
Nc1ccc(S(=O)(=O)Nc2ccccn2)cc1,-4.767992496,-4.3675
CCCC(CCC)C(=O)O,-4.729903221,-4.3566
,-4.72852993,-4.3311
NCCc1c[nH]c2ccc(O)cc12,-5.409661293,-5.4609
O=C(O)CCc1nc(-c2ccccc2)c(-c2ccccc2)o1,-4.938787937,-4.7438
O=C(O)c1cc(=O)c2c(OCC(O)COc3cccc4oc(C(=O)O)cc(=O)c34)cccc2o1,-4.785234928,-4.2447
O=C(O)c1ccccc1-c1c2ccc(=O)cc-2oc2cc(O)ccc12,-4.874005318,-5.1124
N[C@@H](Cc1ccccc1)C(=O)O,-4.827124119,-4.6289
Nc1nc(/C(=C/CC(=O)O)C(=O)N[C@@H]2C(=O)N3C(C(=O)O)=CCS[C@H]23)cs1,-4.90104866,-4.9303
N[C@@H](Cc1ccc(O)c(O)c1)C(=O)O,-4.985808372,-4.4384
,-4.983357906,-4.8732
Nc1ccncc1,-5.003308773,-5.5272
O=C(NC[C@H]1CN(c2ccc(N3CCOCC3=O)cc2)C(=O)O1)c1ccc(Cl)s1,-5.409647942,-5.3054
,-4.964878082,-5.1746
NCCc1ccc(O)c(O)c1,-4.965001583,-5.5272
N[C@@H](C(=O)N[C@@H]1C(=O)N2C(C(=O)O)=C(Cl)CS[C@H]12)c1ccccc1,-5.080234051,-4.6944
,-5.079287529,-4.9821
O=C(/C=C/c1ccc(O)cc1)c1ccc(O)cc1O,-5.689200401,-5.4401
CCN(CC)CCNC(=O)c1ccc(N)cc1,-4.897197723,-5.0173
,-4.704094887,-4.3973
,-5.017424583,-4.8162
O=C(CCCCCCC(=O)Nc1ccccc1)NO,-4.763635635,-4.5382
,-4.933439732,-4.5772
,-4.953770161,-5.2581
,-4.960178852,-4.8489
Nc1nc2c(ncn2COCCO)c(=O)[nH]1,-5.007266521,-5.4949
N[C@@H](C(=O)N[C@@H]1C(=O)N2C(C(=O)O)=C(Cl)CC[C@H]12)c1ccccc1,-5.320327282,-5.7645
CCC(=O)N(c1ccccc1)C1(COC)CCN(CCn2nnn(CC)c2=O)CC1,-5.102440834,-4.7206
O=C(O)c1ccncc1,-5.109107018,-5.1141
,-5.10521698,-5.2388
,-5.105399132,-5.4828
,-4.760406017,-4.639
CCN(CC)CC(=O)Nc1c(C)cccc1C,-4.532052994,-4.6428
NCCC(O)(P(=O)(O)O)P(=O)(O)O,-4.457707405,-4.519
NCCCC(O)(P(=O)(O)O)P(=O)(O)O,-4.563661575,-4.6904
,-4.497612476,-4.4603
O=c1c2ccccc2nc2n1CCc1c-2[nH]c2ccccc12,-4.533640385,-4.7582
,-4.547734261,-4.7854
CCN(CC)C(=O)[C@@]1(c2ccccc2)C[C@H]1CN,-4.559698105,-4.5586
CCN1CCN(C(=O)N[C@@H](C(=O)N[C@@H]2C(=O)N3[C@@H]2SC(C)(C)[C@@H]3C(=O)O)c2ccccc2)C(=O)C1=O,-4.581716537,-4.8894
O=c1[nH]cnc2c1ncn2[C@H]1CC[C@@H](CO)O1,-5.131959438,-5.857
O=c1cc(-c2ccccc2)oc2ccccc12,-4.533705711,-4.4972
,-4.533782959,-4.6878
NS(=O)(=O)c1cc2c(cc1Cl)NCNS2(=O)=O,-4.614684582,-4.8901
COc1cc([C@@H]2c3cc4c(cc3[C@@H](O[C@@H]3O[C@@H]5CO[C@@H](c6cccs6)O[C@H]5[C@H](O)[C@H]3O)[C@H]3COC(=O)[C@H]23)OCO4)cc(OC)c1O,-4.614397049,-4.4651
O=c1cc(-c2ccc(O)c(O)c2)oc2cc(O)cc(O)c12,-4.802069187,-4.8324
OCCN(CCO)c1nc(N2CCCCC2)c2nc(N(CCO)CCO)nc(N3CCCCC3)c2n1,-4.654901028,-4.716
CC(C)OC(=O)C(C)(C)Oc1ccc(C(=O)c2ccc(Cl)cc2)cc1,-4.56374836,-4.522
CCN[C@H]1C[C@H](C)S(=O)(=O)c2sc(S(N)(=O)=O)cc21,-4.63347435,-4.7022
NS(=O)(=O)c1ccc(Cl)cc1,-4.590497971,-4.7953
CCN(CC)CCNC(=O)c1cc(Cl)c(N)cc1OC,-4.695476532,-4.782
,-4.685646534,-4.7503
NCCCC[C@H](N[C@@H](CCc1ccccc1)C(=O)O)C(=O)N1CCC[C@H]1C(=O)O,-4.682835579,-4.8486
O=c1[nH]c(=O)n([C@H]2C[C@H](O)[C@@H](CO)O2)cc1F,-4.712337494,-4.5333
NC[C@H]1CC[C@H](C(=O)O)CC1,-5.187571049,-5.7305
,-4.669202805,-4.4955
,-4.671209335,-4.6264
,-4.70083189,-4.7711
,-4.70360136,-4.9523
O=C(c1ccc(F)cc1)C1CCN(CCn2c(=O)[nH]c3ccccc3c2=O)CC1,-5.149438858,-5.0472
,-5.102440834,-4.7206
,-5.082439423,-4.5274
,-5.074641705,-4.522
,-5.10521698,-5.2388
CN[C@@H](C)[C@@H](O)c1ccccc1,-5.087447643,-4.6972
,-5.080032349,-4.7215
,-5.109107018,-5.1141
O=c1ccc2ccccc2o1,-5.089351177,-4.5226
,-5.081332684,-4.3971
COc1ccc([C@@H]2Sc3ccccc3N(CCN(C)C)C(=O)[C@@H]2OC(C)=O)cc1,-5.105399132,-5.4828
CCOC(=O)N1CCC(=C2c3ccc(Cl)cc3CCc3cccnc32)CC1,-5.087174892,-5.4584
Cc1c(Cl)cccc1Nc1ccccc1C(=O)O,-5.079432487,-4.9183
,-4.77473402,-5.1146
O=c1cc(-c2ccc(O)cc2)oc2cc(O)cc(O)c12,-4.756223679,-4.9183
OC[C@@H](O)[C@@H](O)[C@H](O)[C@H](O)CO,-4.74707222,-4.5222
NCC1CCC(C(=O)O)CC1,-4.704094887,-4.3973
OC(Cn1cncn1)(Cn1cncn1)c1ccc(F)cc1F,-4.884298801,-5.0173
,-4.837981224,-4.9223
O=c1n(CCCN2CCN(c3cccc(Cl)c3)CC2)nc2ccccn12,-4.818183422,-4.7937
,-4.809387207,-4.6022
CCOC(=O)[C@H](CCc1ccccc1)N[C@@H](C)C(=O)N1CCC[C@H]1C(=O)O,-4.763635635,-4.5382
,-5.032149315,-4.9161
,-5.017424583,-4.8162
,-4.992068768,-4.697
,-4.949925423,-4.697
,-4.930420876,-4.6492
,-6.225004196,-5.699
,-6.029154778,-4.9957
,-5.590594292,-6.7471
,-5.804664135,-6.6882
,-5.774203777,-6.8827
OCC(O)CO,-5.802542686,-6.9788
Cc1ccc(C(=O)c2ccc(CC(=O)O)n2C)cc1,-5.771901608,-7.0088
OCCN1CCN(CC/C=C2/c3ccccc3Sc3ccc(C(F)(F)F)cc32)CC1,-5.476453304,-5.1302
,-5.442784309,-5.2457
,-5.443501949,-5.5114
,-5.668837547,-5.585
,-5.436031818,-5.5272
,-5.628126621,-5.3958
,-5.651727676,-6.3279
,-5.678736687,-5.4034
CC[C@@]1(O)C(=O)OCc2c1cc1n(c2=O)Cc2cc3c(CN(C)C)c(O)ccc3nc2-1,-5.673317909,-5.1599
CN1C(=O)CN=C(c2ccccc2)c2cc(Cl)ccc21,-5.685515404,-4.9859
CN1CCN(C2=Nc3cc(Cl)ccc3Nc3ccccc32)CC1,-5.680944443,-4.8271
Cc1ccc(NC(=O)c2ccc(CN3CCN(C)CC3)cc2)cc1Nc1nccc(-c2cccnc2)n1,-5.687578678,-4.7647
,-5.683585167,-4.7201
Cc1ccc(/C(=C/CN2CCCC2)c2cccc(/C=C/C(=O)O)n2)cc1,-5.493880749,-4.6582
,-5.493880749,-4.6698
,-5.689050674,-4.4942
O=[N+]([O-])c1cn2c(n1)OC[C@@H](OCc1ccc(OC(F)(F)F)cc1)C2,-5.685024261,-4.5513
CNS(=O)(=O)Cc1ccc2[nH]cc(CCN(C)C)c2c1,-5.478744507,-5.0506
,-5.478744507,-4.7986
,-5.478744507,-4.5114
,-5.478744507,-4.3449
COC(=O)[C@H](c1ccccc1Cl)N1CCc2sccc2C1,-5.478744507,-4.3449
C[C@H](/C=C/[C@H](C)C(C)(C)O)[C@H]1CC[C@H]2/C(=C/C=C3C[C@@H](O)C[C@H](O)C3)CCC[C@]12C,-5.478744507,-4.3307
O=C(O)COCCN1CCN([C@H](c2ccccc2)c2ccc(Cl)cc2)CC1,-5.478744507,-4.3261
,-5.478744507,-4.4724
CN(C)CCC=C1c2ccccc2CCc2ccccc21,-5.898640633,-5.018634491
,-5.763030529,-4.982966661
C[C@H](CS)C(=O)N1CCC[C@H]1C(=O)O,-5.788049698,-4.970616222
,-5.884019852,-5.064996849
,-5.787717819,-5.023191663
OC[C@H]1O[C@@H](O[C@@H]2[C@@H](CO)O[C@](O)(CO)[C@H]2O)[C@H](O)[C@@H](O)[C@H]1O,-5.745146751,-4.879426069
CCc1cc(C(N)=S)ccn1,-6.040011406,-4.866461092
CN1CC[C@]23c4c5ccc(O)c4O[C@H]2[C@@H](O)C=C[C@H]3[C@H]1C5,-6.079078197,-4.920818754
,-6.164443016,-4.966576245
,-5.776906013,-4.966576245
,-5.695455551,-5
,-5.808819771,-4.995678626
,-5.472589016,-5.6917644
,-5.388836861,-5.8966274
,-5.439724922,-5.8907185
,-5.404554844,-5.820431
Cc1ccnc2c1NC(=O)c1cccnc1N2C1CC1,-5.341310501,-6.1067377
,-5.314546108,-6.0356744
,-5.436398029,-5.7961624
Cc1cccc(Nc2ccccc2C(=O)O)c1C,-5.458602905,-6.5046777
,-5.470672607,-6.8057077
,-5.364823341,-5.8678556
,-5.30960989,-5.8254518
,-5.381748676,-5.9470369
,-5.487088203,-6.035259658
,-5.493185997,-6.057347188
,-5.569232464,-6.080618531
,-5.492594719,-6.193765743
CCS(=O)(=O)CCn1c([N+](=O)[O-])cnc1C,-5.512913704,-6.113723655
,-5.503994942,-6.159003636
,-5.589151382,-6.183546577
,-5.74661684,-6.325653339
,-5.797847748,-6.445947171
,-5.497793198,-6.046163021
,-5.497161388,-6.068827006
,-5.599120617,-6.135773796
,-5.432569981,-5.950727694
,-5.308838844,-6.197198918
,-5.392323971,-6.283679403
,-5.407184124,-6.021107659
,-5.336816788,-5.96110973
,-5.28220892,-6.173717823
,-5.456943512,-6.045931243
,-5.52059412,-6.421062959
,-5.530751705,-6.623167651
CCc1nc(N)nc(N)c1-c1ccc(Cl)cc1,-5.367411613,-6.151441428
,-5.288664818,-6.100288905
CN1C(C(=O)Nc2ccccn2)=C(O)c2ccccc2S1(=O)=O,-5.437378407,-6.151441428
,-5.765578747,-5.48148606
,-5.802801132,-6.397940009
,-5.765578747,-6.431798276
,-5.491585732,-6.3585
,-5.519355774,-6.1002
,-5.532599449,-6.129
CC[C@H](C)C(=O)O[C@H]1C[C@@H](C)C=C2C=C[C@H](C)[C@H](CC[C@@H]3C[C@@H](O)CC(=O)O3)[C@H]21,-5.532599449,-6.0926
CNCC[C@H](Oc1cccc2ccccc12)c1cccs1,-5.986936092,-6.7033
,-5.780160904,-5.9259
,-5.645805836,-6.1838
Cc1ccc(-c2ncc(Cl)cc2-c2ccc(S(C)(=O)=O)cc2)cn1,-5.645805836,-5.7726
,-5.06672287,-4.4672
,-5.154488087,-4.6819
,-5.127987862,-4.9172
COC(=O)N[C@H](C(=O)N[C@@H](Cc1ccccc1)[C@@H](O)CN(Cc1ccc(-c2ccccn2)cc1)NC(=O)[C@@H](NC(=O)OC)C(C)(C)C)C(C)(C)C,-5.065979481,-4.6799
C[C@@H](c1ncncc1F)[C@](O)(Cn1cncn1)c1ccc(F)cc1F,-5.065979481,-4.7167
,-5.061902523,-4.567
,-5.074406624,-4.618
,-5.071559429,-4.5986
CC[C@]1(O)C[C@@H]2CN(CCc3c([nH]c4ccccc34)[C@@](C(=O)OC)(c3cc4c(cc3OC)N(C)[C@H]3[C@@](O)(C(=O)OC)[C@H](OC(C)=O)[C@]5(CC)C=CCN6CC[C@]43[C@@H]65)C2)C1,-5.101538658,-4.7235
,-5.086933613,-4.5243
,-5.09688282,-4.5935
,-4.665442467,-4.7011
,-6.122945786,-5.5058
,-6.161581993,-5.8041
,-6.229053497,-6.1427
,-5.547798634,-5.8794
,-5.21179533,-5.8861
,-5.514698982,-5.8447
,-5.20142889,-5.6925
,-5.21179533,-5.8794
CN1CC(=O)N=C1N,-5.20142889,-5.7471
CC[C@]1(O)C[C@H]2CN(CCc3c([nH]c4ccccc34)[C@@](C(=O)OC)(c3cc4c(cc3OC)N(C=O)[C@H]3[C@@](O)(C(=O)OC)[C@H](OC(C)=O)[C@]5(CC)C=CCN6CC[C@]43[C@@H]65)C2)C1,-5.20142889,-5.6799
,-5.20142889,-5.6861
,-5.20142889,-5.5918
Cc1cn([C@H]2C=C[C@@H](CO)O2)c(=O)[nH]c1=O,-5.514698982,-5.8447
,-5.218261242,-5.5834
,-5.20142889,-5.6925
,-5.154394627,-5.4449
CC[C@H](C)C(=O)O[C@H]1C[C@H](O)C=C2C=C[C@H](C)[C@H](CC[C@@H](O)C[C@@H](O)CC(=O)O)[C@H]21,-4.893486977,-4.6091
,-4.926253319,-4.7423
,-5.521912575,-4.5452
Cc1ccc(-c2nc3ccc(C)cn3c2CC(=O)N(C)C)cc1,-5.373388767,-4.5935
,-6.080575943,-6.2218
,-5.771404266,-5.9586
,-5.771404266,-5.4949
,-5.790352821,-5.7721
,-5.727086067,-5.7399
,-5.592895508,-5.7959
C[C@H](N)Cc1ccccc1,-5.577548504,-5.5528
COC(=O)C1=C(C)NC(C)=C(C(=O)OC)C1c1ccccc1[N+](=O)[O-],-5.612080574,-5.9208
C[C@@H]1CN(c2c(F)c(N)c3c(=O)c(C(=O)O)cn(C4CC4)c3c2F)C[C@H](C)N1,-5.632990837,-5.3872
CN(C)CCCN1c2ccccc2Sc2ccccc21,-5.657967091,-5.8861
,-5.671583652,-5.5376
,-5.536344528,-5.5528
,-5.414081097,-5.4089
,-5.400199413,-5.3768
,-5.407029629,-5.7696
,-5.413281918,-4.8447
,-5.280727386,-5.3188
,-5.328937054,-5.1871
,-5.006271362,-5.3872
,-4.966814518,-5.5072
N#CC[C@H](C1CCCC1)n1cc(-c2ncnc3[nH]ccc23)cn1,-4.879014015,-5.4949
,-4.851732254,-5.5528
,-4.907550335,-5.2757
,-5.297452927,-4.8539
CC[N+](C)(C)Cc1ccccc1Br,-5.329909801,-4.9788
,-5.298224926,-4.9626
Cc1nnc2n1-c1ccc(Cl)cc1C(c1ccccc1)=NC2,-5.085655689,-4.8386
CS(=O)(=O)Nc1ccc([N+](=O)[O-])cc1Oc1ccccc1,-5.127991199,-4.6696
,-5.280622005,-5.1367
,-5.301979542,-4.9101
,-5.310218811,-4.7011
,-5.310218811,-4.5436
,-5.321249962,-4.7305
,-5.320661545,-4.6162
N=C(N)N/N=C/c1c(Cl)cccc1Cl,-5.491585732,-5.757
,-5.532599449,-5.1481
Cn1c(=O)c2c(ncn2C)n(C)c1=O,-5.532599449,-5.1798
CN1C[C@@H]2c3ccccc3Oc3ccc(Cl)cc3[C@H]2C1,-5.528707504,-5.9547
C[C@H]1C[C@@H]2[C@H]([C@@H](O)C[C@@]3(C)[C@H]2CC[C@]3(O)C(=O)CO)[C@@]2(C)C=CC(=O)C=C12,-5.680771828,-5.8794
,-5.510458469,-5.6289
,-5.432221413,-5.3872
,-5.460628033,-5.1186
,-5.423262119,-5.1367
,-5.435698986,-5.056
,-5.205085278,-4.983
,-5.18081522,-4.4271
NC1[C@H]2CN(c3nc4c(cc3F)c(=O)c(C(=O)O)cn4-c3ccc(F)cc3F)C[C@@H]12,-5.492938042,-5.6003
,-5.49347353,-5.5607
Cc1c(N(C)C)c(=O)n(-c2ccccc2)n1C,-5.540962219,-5.6253
NCC(=O)CCC(=O)O,-5.498402119,-5.9547
,-5.127865791,-5.7878
Cc1cn([C@H]2C[C@H](N=[N+]=[N-])[C@@H](CO)O2)c(=O)[nH]c1=O,-5.46118927,-5.0164
,-4.945633888,-5.6402
Cn1cc[nH]c1=S,-5.424933434,-6.1096
CN1CCN(c2c(F)cc3c(=O)c(C(=O)O)cn(CCF)c3c2F)CC1,-4.940423965,-4.6716
,-4.930053234,-4.7545
,-4.869289398,-4.8508
FC(F)(F)c1cccc(C2=CCN(CCc3ccc4ccccc4c3)CC2)c1,-4.868931293,-5.0362
,-4.865736485,-5.2815
,-4.931957722,-4.9914
NC(N)=NC(=O)c1nc(Cl)c(N)nc1N,-4.930972099,-5.1878
NC12CC3CC(CC(C3)C1)C2,-4.872335434,-5.0655
,-4.872335434,-5.3904
,-4.86995554,-4.9393
,-4.86995554,-5.5969
,-4.708390713,-5.0655
COc1cccc2c1C(=O)c1c(O)c3c(c(O)c1C2=O)C[C@@](O)(C(C)=O)C[C@@H]3O[C@H]1C[C@H](N)[C@H](O)[C@H](C)O1,-5.005894184,-5.2495
,-4.86995554,-5.0429
,-4.86995554,-5.5421
,-4.86995554,-5.2175
CN(CCOc1ccc(NS(C)(=O)=O)cc1)CCc1ccc(NS(C)(=O)=O)cc1,-4.86995554,-5.2411
C[C@H]1O[C@@H](O[C@H]2[C@@H](O)C[C@H](O[C@H]3[C@@H](O)C[C@H](O[C@H]4CC[C@@]5(C)[C@H](CC[C@@H]6[C@@H]5C[C@@H](O)[C@]5(C)[C@@H](C7=CC(=O)OC7)CC[C@]65O)C4)O[C@@H]3C)O[C@@H]2C)C[C@H](O)[C@@H]1O,-4.86995554,-4.7055
NC(=O)N1c2ccccc2C=Cc2ccccc21,-5.021258354,-4.8153
C[C@H](N)C(=O)O,-4.920545578,-5.1811
C[C@H](N[C@@H](CCc1ccccc1)C(=O)O)C(=O)N1CCC[C@H]1C(=O)O,-5.281504154,-5.0985
O=C1CCc2cc(OCCCCc3nnnn3C3CCCCC3)ccc2N1,-4.836424828,-5.3382
C[C@]12C=CC(=O)C=C1CC[C@@H]1[C@@H]2[C@@H](O)C[C@@]2(C)[C@H]1CC[C@]2(O)C(=O)CO,-5.061696053,-5.3089
,-5.398026943,-5.2108
CCn1cc(C(=O)O)c(=O)c2cc(F)c(N3CCN(C)CC3)cc21,-5.273721695,-5.0439
,-5.255274296,-5.1532
,-5.248843193,-5.1987
,-5.249791145,-5.2163
,-5.311113834,-5.4042
COc1cc2nc(N3CCN(C(=O)c4ccco4)CC3)nc(N)c2cc1OC,-5.121665478,-5.0223
COc1cc([C@@H]2c3cc4c(cc3[C@@H](O[C@@H]3O[C@@H]5CO[C@@H](C)O[C@H]5[C@H](O)[C@H]3O)[C@H]3COC(=O)[C@H]23)OCO4)cc(OC)c1O,-5.102776527,-4.9337
C#C[C@]1(O)CC[C@H]2[C@@H]3CCC4=Cc5oncc5C[C@]4(C)[C@H]3CC[C@@]21C,-5.089011192,-5.0342
,-5.091652393,-5.1288
N=C(N)c1ccc(OCCCCCOc2ccc(C(=N)N)cc2)cc1,-5.29126215,-5.3924
CN1/C(=C(\O)Nc2ccccn2)C(=O)c2sccc2S1(=O)=O,-5.134937763,-5.0521
,-5.114651203,-4.8713
,-5.097476482,-5.0557
NC(=O)CC[C@H](N)C(=O)O,-5.093531132,-5.1284
,-5.290938854,-5.0678
,-5.098688602,-5.0313
,-5.08508873,-5.0006
,-5.079256058,-4.9031
,-5.085868359,-5.0052
CNC[C@H](O)c1ccc(O)c(O)c1,-4.998174667,-5.1068
COc1ccc(Cc2nccc3cc(OC)c(OC)cc23)cc1OC,-4.891649723,-5.1814
,-4.874530315,-5.2827
,-4.863979816,-5.3381
,-4.860948563,-5.5549
,-5.494009495,-5.3468
,-5.464688301,-5.1739
,-5.459318161,-5.0655
COc1ccc(-c2cc(=O)c3c(O)cc(O)cc3o2)cc1O,-5.535250187,-4.9508
Cc1cnc(NC(=O)C2=C(O)c3ccccc3S(=O)(=O)N2C)s1,-5.356430531,-4.8125
,-5.13477993,-4.8356
,-5.546634197,-4.9626
,-5.325351238,-5.2079
,-5.220985413,-5.1918
CC[C@H]1CN2CCc3cc(OC)c(OC)cc3[C@@H]2C[C@@H]1C[C@H]1NCCc2cc(OC)c(OC)cc21,-5.084412098,-4.7016
CNC(=O)c1ccc(N2C(=S)N(c3ccc(C#N)c(C(F)(F)F)c3)C(=O)C2(C)C)cc1F,-5.031366825,-4.8667
C[C@]12CCC(=O)C=C1CC[C@@H]1[C@@H]2[C@@H](O)C[C@@]2(C)[C@H]1CC[C@]2(O)C(=O)CO,-4.984312057,-4.9959
,-6.136057854,-6.1331
,-5.807659149,-6.1331
,-5.397091866,-6.1267
,-5.354948044,-5.9158
,-5.28482008,-5.8864
Cc1nnc2n1-c1ccc(Cl)cc1C(c1ccccc1Cl)=NC2,-5.635015965,-5.4377
COc1ccc(CCN2CCC(Nc3nc4ccccc4n3Cc3ccc(F)cc3)CC2)cc1,-5.252227306,-5.104
C[C@H]1[C@H](OC(=O)CCC(=O)O)O[C@@H]2O[C@@]3(C)CC[C@H]4[C@H](C)CC[C@@H]1[C@@]24OO3,-5.222690582,-4.6267
,-5.198631287,-4.8262
CCc1c2c(nc3ccc(OC(=O)N4CCC(N5CCCCC5)CC4)cc13)-c1cc3c(c(=O)n1C2)COC(=O)[C@]3(O)CC,-5.231872559,-5.2277
COc1cc(C(=O)NCc2ccc(OCCN(C)C)cc2)cc(OC)c1OC,-5.360694885,-5.2418
COc1ccc(CN(CCN(C)C)c2ccccn2)cc1,-4.965483189,-4.9743
,-4.927239418,-4.7219
,-4.909159184,-4.6249
,-4.960403442,-4.9686
COc1ccc2cc([C@H](C)C(=O)O)ccc2c1,-5.545089245,-5.4597
,-5.004253387,-5.3625
Cc1nc2n(c(=O)c1CCN1CCC(c3noc4cc(F)ccc34)CC1)CCCC2,-4.953034401,-5.0585
CO[C@H]1C[C@@H]2CC[C@@H](C)[C@@](O)(O2)C(=O)C(=O)N2CCCC[C@H]2C(=O)O[C@H]([C@H](C)C[C@@H]2CC[C@@H](O)[C@H](OC)C2)CC(=O)[C@H](C)/C=C(\C)[C@@H](O)[C@@H](OC)C(=O)[C@H](C)C[C@H](C)/C=C/C=C/C=C/1C,-4.9379673,-4.9154
,-5.021622181,-5.2534
,-5.51813364,-5.6108
COc1ccc(C[C@@H](C)NC[C@H](O)c2ccc(O)c(NC=O)c2)cc1,-4.932229996,-5.2055
CN(C)CCCN1c2ccccc2CCc2ccccc21,-4.89570713,-5.0114
Oc1nc2ccccc2n1CCCN1CCC(n2c(O)nc3cc(Cl)ccc32)CC1,-4.850898743,-5.1273
CCn1cc(C(=O)O)c(=O)c2cc(F)c(N3CCNCC3)nc21,-4.906460762,-5.3261
,-5.446976185,-5.2351
O=C1Cc2cc(CCN3CCN(c4nsc5ccccc45)CC3)c(Cl)cc2N1,-5.014431,-5.129
,-4.962255478,-4.7693
C[C@@H]1CC[C@H]2[C@@H](C)C(=O)O[C@@H]3O[C@@]4(C)CC[C@@H]1[C@]32OO4,-4.918379784,-4.8827
CN[C@H]1CC[C@@H](c2ccc(Cl)c(Cl)c2)c2ccccc21,-4.986365795,-5.1013
CS(=O)(=O)c1ccc(C2=C(c3ccccc3)C(=O)OC2)cc1,-5.016318798,-4.5079
Cc1ncc(CO)c(CO)c1O,-4.803234577,-4.3794
O=C1CN(/N=C/c2ccc([N+](=O)[O-])o2)C(=O)N1,-4.788467407,-4.3
COc1ccc(-n2nc(C(N)=O)c3c2C(=O)N(c2ccc(N4CCCCC4=O)cc2)CC3)cc1,-4.782592297,-4.238
,-4.806923866,-4.4094
COc1ccc(CCN(C)CCC[C@](C#N)(c2ccc(OC)c(OC)c2)C(C)C)cc1OC,-5.082383633,-5.4881
,-5.605257511,-5.3969
O=C1OC2(c3ccc(O)cc3Oc3cc(O)ccc32)c2ccccc21,-5.930696964,-5.439031205
,-5.317286968,-4.954242509
C[C@@H]1CCN(C(=O)CC#N)C[C@@H]1N(C)c1ncnc2[nH]ccc12,-5.262029171,-4.84703254
C[C@]12CC[C@@H]3c4ccc(O)cc4CC[C@H]3[C@@H]1CC[C@@H]2O,-5.616337299,-5.763910811
C[C@]12CC[C@@H]3c4ccc(OS(=O)(=O)O)cc4CC[C@H]3[C@@H]1CCC2=O,-5.884176254,-5.377325553
,-5.302052021,-5.026102803
CN1CCN(CCCN2c3ccccc3Sc3ccc(C(F)(F)F)cc32)CC1,-5.059624672,-4.793623937
CO[C@H]1/C=C/O[C@@]2(C)Oc3c(C)c(O)c4c(c3C2=O)C2=NC3(CCN(CC(C)C)CC3)NC2=C(NC(=O)/C(C)=C\C=C\[C@H](C)[C@H](O)[C@@H](C)[C@@H](O)[C@@H](C)[C@H](OC(C)=O)[C@@H]1C)C4=O,-5.520913124,-5.067
,-6.184417248,-6.0405
COc1cc2c(cc1OC)[C@H]1C[C@H](O)[C@@H](CC(C)C)CN1CC2,-5.653112888,-5.6813
O=C1CC2(CCCC2)CC(=O)N1CCCCN1CCN(c2ncccn2)CC1,-5.621662617,-5.3413
,-5.555161476,-5.5952
O=C1CN(/N=C/c2ccc(-c3ccc([N+](=O)[O-])cc3)o2)C(=O)N1,-4.982494354,-5.1073
,-5.314565182,-5.4157
,-6.212392807,-7.4815
,-6.210382462,-7.4202
,-6.188526154,-7.3565
Cc1ncc2n1-c1ccc(Cl)cc1C(c1ccccc1F)=NC2,-6.018817425,-7.3188
,-6.761152744,-6.7959
,-6.761734486,-6.7212
,-6.731453896,-6.6198
Cc1ncc(C[n+]2csc(CCO)c2C)c(N)n1,-6.691235065,-6.5376
,-6.790732384,-6.9208
CC[C@H]1OC(=O)[C@H](C)[C@@H](O[C@H]2C[C@@](C)(OC)[C@@H](O)[C@H](C)O2)[C@H](C)[C@@H](O[C@@H]2O[C@H](C)C[C@H](N(C)C)[C@H]2O)[C@](C)(OC)C[C@@H](C)C(=O)[C@H](C)[C@@H](O)[C@]1(C)O,-6.779028416,-6.8239
C[N+](C)(C)CCO,-6.754848003,-6.7696
COC1=CC(=O)C[C@@H](C)[C@]12Oc1c(Cl)c(OC)cc(OC)c1C2=O,-6.713232994,-6.699
,-6.782046318,-6.9208
COC(=O)[C@H]1[C@H]2C[C@@H]3c4[nH]c5cc(OC)ccc5c4CCN3C[C@H]2C[C@@H](OC(=O)c2cc(OC)c(OC)c(OC)c2)[C@@H]1OC,-6.775645733,-6.8239
,-6.755570889,-6.7447
,-6.700232983,-6.6778
,-5.240751266,-5.7891
CN(C)CCOC(c1ccccc1)c1ccccc1,-5.168326855,-6.9351
,-5.335834026,-7.4771
COc1ccc2c3c1O[C@H]1[C@@H](O)C=C[C@H]4[C@@H](C2)N(C)CC[C@@]341,-5.318007469,-6.2039
,-5.282587528,-5.6059
,-5.347969055,-5.8223
O=C1C[C@@H](c2ccc(O)c(O)c2)Oc2cc(O)cc(O)c21,-5.347969055,-6.9012
,-5.347969055,-6.051
OC[C@H]1O[C@@](CO)(O[C@H]2O[C@H](CO)[C@@H](O)[C@H](O)[C@H]2O)[C@@H](O)[C@@H]1O,-5.27431345,-7.301
C[C@](N)(Cc1ccc(O)c(O)c1)C(=O)O,-5.27431345,-6.9988
O=C1C[C@@H]2OCC=C3CN4CC[C@]56c7ccccc7N1[C@H]5[C@H]2[C@H]3C[C@H]46,-5.079584122,-5.7724
,-5.079584122,-6.3618
O=C1Nc2ccc(Cl)cc2[C@@](C#CC2CC2)(C(F)(F)F)O1,-5.152414799,-6.373
,-5.286909103,-4.853871964
,-5.328015327,-4.866461092
CNCC[C@@H](Oc1ccccc1C)c1ccccc1,-5.420185566,-5.698970004
O=C1CN=C(c2ccccn2)c2cc(Br)ccc2N1,-5.387258053,-5.508638306
,-5.371317387,-5.148741651
COc1cc(Cc2cnc(N)nc2N)cc(OC)c1OC,-5.444602966,-5.244125144
CC(C)(C)NC(=O)[C@@H]1CN(Cc2cccnc2)CCN1C[C@@H](O)C[C@@H](Cc1ccccc1)C(=O)N[C@H]1c2ccccc2C[C@H]1O,-5.542868137,-6.1427
Cc1nnc(NS(=O)(=O)c2ccc(N)cc2)s1,-5.275997162,-5.9208
,-5.248433113,-5.7696
,-4.888522625,-4.8356
,-4.749427795,-4.6383
CC(=O)[C@H]1CC[C@H]2[C@@H]3CCC4=CC(=O)CC[C@]4(C)[C@H]3CC[C@]12C,-5.537136555,-5.7959
,-5.474361897,-5.3372
CNCCCN1c2ccccc2CCc2ccccc21,-5.240037441,-5.6198
C[C@]12C=CC(=O)C=C1CC[C@@H]1[C@@H]2C(=O)C[C@@]2(C)[C@H]1CC[C@]2(O)C(=O)CO,-4.88975811,-4.8477
,-4.700687408,-4.6757
CN(C)C(=N)NC(=N)N,-5.498862267,-5.5229
COc1ccc([C@@H]2CC(=O)c3c(O)cc(O)cc3O2)cc1O,-5.327270031,-5.4685
C[C@@H](NCCCc1cccc(C(F)(F)F)c1)c1cccc2ccccc12,-5.248717785,-5.3872
O=C1NC(=O)C(c2ccccc2)(c2ccccc2)N1,-4.93255043,-4.8182
C[C@@H]1C[C@H]2[C@@H]3CCC4=CC(=O)C=C[C@]4(C)[C@@]3(F)[C@@H](O)C[C@]2(C)[C@@]1(O)C(=O)CO,-4.762878418,-4.6402
C[C@H]1CNCCc2ccc(Cl)cc21,-5.388121128,-5.1192
COc1ccc(CC(C)(C)NC[C@H](O)c2cc(O)cc3c2OCC(=O)N3)cc1,-5.369469643,-4.7545
C[C@@H](Oc1cc(-c2cnn(C3CCNCC3)c2)cnc1N)c1c(Cl)ccc(F)c1Cl,-5.382685184,-4.8069
COCc1c(C(C)C)nc(C(C)C)c(/C=C/[C@@H](O)C[C@@H](O)CC(=O)O)c1-c1ccc(F)cc1,-5.103255749,-4.6364
Cc1noc(NS(=O)(=O)c2ccc(N)cc2)c1C,-4.936523438,-4.5952
,-5.306742668,-4.9706
CC(=O)N1CCN(c2ccc(OC[C@H]3CO[C@](Cn4ccnc4)(c4ccc(Cl)cc4Cl)O3)cc2)CC1,-5.439520836,-4.7799
COc1cc2c(c(OC)c1OC)-c1ccc(OC)c(=O)cc1[C@@H](NC(C)=O)CC2,-5.273827076,-5.0044
COc1ccc2c(c1)c(CC(=O)O)c(C)n2C(=O)c1ccc(Cl)cc1,-4.815393448,-4.9136
Cc1nnc(C(C)C)n1[C@@H]1C[C@H]2CC[C@@H](C1)N2CC[C@H](NC(=O)C1CCC(F)(F)CC1)c1ccccc1,-4.630764484,-4.5467
Cn1c(=O)c2[nH]cnc2n(C)c1=O,-5.539449692,-5.3925
O=C(c1ccc(OCCN2CCCCC2)cc1)c1c(-c2ccc(O)cc2)sc2cc(O)ccc12,-5.539449692,-5.3862
COc1cc2ncnc(Nc3ccc(F)c(Cl)c3)c2cc1OCCCN1CCOCC1,-5.658504963,-5.4353
CO[C@H]1C(=O)[C@]2(C)[C@@H](OC)C[C@H]3OC[C@@]3(OC(C)=O)[C@H]2[C@H](OC(=O)c2ccccc2)[C@]2(O)C[C@H](OC(=O)[C@H](O)[C@@H](NC(=O)OC(C)(C)C)c3ccccc3)C(C)=C1C2(C)C,-5.771290779,-5.3706
,-5.678053856,-5.1726
CN/C(=C\[N+](=O)[O-])NCCSCc1ccc(CN(C)C)o1,-5.180535316,-4.8069
,-5.65128231,-5.4067
,-5.721370697,-5.4498
,-5.673832893,-6.022276395
CC(=O)N1CCN(c2ccc(OC[C@@H]3CO[C@@](Cn4ccnc4)(c4ccc(Cl)cc4Cl)O3)cc2)CC1,-5.058917046,-4.559090918
CC(=O)OCC1=C(C(=O)O)N2C(=O)[C@@H](NC(=O)Cc3cccs3)[C@H]2SC1,-5.532910824,-5.9914
CNC(=O)c1cc(Oc2ccc(NC(=O)Nc3ccc(Cl)c(C(F)(F)F)c3)cc2)ccn1,-4.865362167,-4.7799
C[C@H]1COc2c(N3CCN(C)CC3)c(F)cc3c(=O)c(C(=O)O)cn1c23,-4.758694172,-4.581698709
C[C@@H]1O[C@@H](O[C@H]2C[C@@H](O)[C@]3(CO)[C@H]4[C@H](O)C[C@]5(C)[C@@H](C6=CC(=O)OC6)CC[C@]5(O)[C@@H]4CC[C@]3(O)C2)[C@H](O)[C@H](O)[C@H]1O,-5.333008289,-6.1549
,-5.058755875,-4.6596
CN(C)C(=O)C(CCN1CCC(O)(c2ccc(Cl)cc2)CC1)(c1ccccc1)c1ccccc1,-5.325782299,-5.3468
C=CC[C@@H]1/C=C(\C)C[C@H](C)C[C@H](OC)[C@H]2O[C@@](O)(C(=O)C(=O)N3CCCC[C@H]3C(=O)O[C@H](/C(C)=C/[C@@H]3CC[C@@H](O)[C@H](OC)C3)[C@H](C)[C@@H](O)CC1=O)[C@H](C)C[C@@H]2OC,-5.063399792,-5.0132
CN(C)CC/C=C1/c2ccccc2COc2ccc(CC(=O)O)cc21,-4.836368084,-4.5376
CC(C)C(=O)Nc1ccc([N+](=O)[O-])c(C(F)(F)F)c1,-4.734715939,-4.1965
,-4.610305309,-4.6778
Cc1onc(-c2ccccc2)c1C(=O)N[C@@H]1C(=O)N2[C@@H]1SC(C)(C)[C@@H]2C(=O)O,-4.58309269,-4.6968
Clc1ccc2c(c1)CCc1cccnc1C2=C1CCNCC1,-4.663779259,-4.6576
CN(C)CC/C=C1/c2ccccc2Sc2ccc(Cl)cc21,-4.603281498,-4.8239
Clc1ccc2c(c1)N=C(N1CCNCC1)c1ccccc1N2,-5.333008289,-6.1549
Clc1cccc(Cl)c1N=C1NCCN1,-5.099407196,-5.0044
CC(=O)CCCCn1c(=O)c2c(ncn2C)n(C)c1=O,-5.058755875,-4.6596
CC(C)(C)NC(=O)[C@@H]1C[C@@H]2CCCC[C@@H]2CN1C[C@@H](O)[C@H](Cc1ccccc1)NC(=O)[C@H](CC(N)=O)NC(=O)c1ccc2ccccc2n1,-5.098142624,-4.4271
,-5.081172943,-4.2154
C=CCN1CC[C@]23c4c5ccc(O)c4O[C@H]2C(=O)CC[C@@]3(O)[C@H]1C5,-5.106419086,-4.5452
CC#CCn1c(N2CCC[C@@H](N)C2)nc2c1c(=O)n(Cc1nc(C)c3ccccc3n1)c(=O)n2C,-5.347671986,-6.1549
CC(C)(C)NC[C@H](O)COc1nsnc1N1CCOCC1,-5.115775585,-4.9136
,-5.07602644,-4.7721
C=C1C[C@@H]2[C@H](CC[C@]3(C)C(=O)CC[C@@H]23)[C@@]2(C)C=CC(=O)C=C12,-5.115623474,-4.6819
CN(C)CCCN1c2ccccc2Sc2ccc(Cl)cc21,-5.098741531,-4.6234
C=C[C@H]1CN2CC[C@H]1C[C@H]2[C@H](O)c1ccnc2ccc(OC)cc12,-5.123273849,-4.3468
,-5.462953091,-6.1549
CC(C)CN(C[C@@H](O)[C@H](Cc1ccccc1)NC(=O)O[C@H]1CCOC1)S(=O)(=O)c1ccc(N)cc1,-5.282790184,-5.3979
,-5.254117489,-4.1662
,-5.301101208,-4.1537
,-5.358092308,-6.1549
,-5.208336353,-5.3565
C=C[C@H]1CN2CC[C@H]1C[C@@H]2[C@@H](O)c1ccnc2ccc(OC)cc12,-5.149152756,-4.2684
CC(=O)NC[C@H]1CN(c2ccc(N3CCOCC3)c(F)c2)C(=O)O1,-5.179572105,-5.2798
CC(=O)NCCCS(=O)(=O)O,-5.181321144,-4.8601
C#Cc1cccc(Nc2ncnc3cc(OCCOC)c(OCCOC)cc23)c1,-5.178636074,-4.4498
CC(=O)O[C@H]1CC[C@@]2(C)C(=CC[C@@H]3[C@@H]2CC[C@]2(C)C(c4cccnc4)=CC[C@@H]32)C1,-5.096679211,-5.3401
CC(=O)Nc1nnc(S(N)(=O)=O)s1,-5.097176552,-4.821
CC(C)c1cccc(C(C)C)c1O,-5.096053123,-5.3799
CC(C)c1c(C(=O)Nc2ccccc2)c(-c2ccccc2)c(-c2ccc(F)cc2)n1CC[C@@H](O)C[C@@H](O)CC(=O)O,-5.097024918,-4.9586
CC(C)c1nc(CN(C)C(=O)N[C@H](C(=O)N[C@@H](Cc2ccccc2)C[C@H](O)[C@H](Cc2ccccc2)NC(=O)OCc2cncs2)C(C)C)cs1,-4.871894836,-4.6308
CC(C)c1c(C(=O)Nc2ccccc2)c(-c2ccccc2)c(-c2ccc(F)cc2)n1CC[C@H](O)C[C@H](O)CC(=O)O,-5.044854641,-6.0088
CC(C)c1nc(N(C)S(C)(=O)=O)nc(-c2ccc(F)cc2)c1/C=C/[C@@H](O)C[C@@H](O)CC(=O)O,-5.044149876,-5.6198
CCCCc1nc(Cl)c(C=O)n1Cc1ccc(-c2ccccc2-c2nnn[nH]2)cc1,-5.048908234,-5.2924
CC/C(=C(\c1ccccc1)c1ccc(OCCN(C)C)cc1)c1ccccc1,-5.733828545,-6.1739
CCCSc1nc(N[C@@H]2C[C@H]2c2ccc(F)c(F)c2)c2nnn([C@@H]3C[C@H](OCCO)[C@@H](O)[C@H]3O)c2n1,-5.148132801,-4.8069
CC(C)n1c(/C=C/[C@H](O)C[C@H](O)CC(=O)O)c(-c2ccc(F)cc2)c2ccccc21,-5.149759769,-4.6882
CC1(C)S[C@@H]2[C@H](NC(=O)Cc3ccccc3)C(=O)N2[C@H]1C(=O)O,-5.162950993,-4.6716
CCCCc1oc2ccc(NS(C)(=O)=O)cc2c1C(=O)c1ccc(OCCCN(CCCC)CCCC)cc1,-5.68471241,-5.6576
CCCCc1nc(Cl)c(CO)n1Cc1ccc(-c2ccccc2-c2nn[nH]n2)cc1,-5.367414474,-5.458
CCCc1nc2c(C)cc(-c3nc4ccccc4n3C)cc2n1Cc1ccc(-c2ccccc2C(=O)O)cc1,-5.342315674,-5.3484
CCCc1cc(=O)[nH]c(=S)[nH]1,-5.322109222,-5.2785
CCC[C@H](NC(=O)[C@@H]1[C@H]2CCC[C@H]2CN1C(=O)[C@@H](NC(=O)[C@@H](NC(=O)c1cnccn1)C1CCCCC1)C(C)(C)C)C(=O)C(=O)NC1CC1,-5.381551266,-5.424